date,code,rank,brand,product,price,star,review
20260405,965923434,1,홀베리, 홀베리 유기농 레몬즙 10포 ,5000,4.8,46
20260405,600000145,2,대웅제약, 대웅제약 rTG 오메가3 30캡슐 30일분 ,5000,4.8,2233
20260405,600000131,3,대웅제약, 대웅제약 바나바잎 추출물 30정 (30일분) ,3000,4.8,1304
20260405,600000144,4,대웅제약, 대웅제약 코엔자임 Q10 30캡슐 30일분 ,5000,4.8,1857
20260405,600000128,5,대웅제약, 대웅제약 마그네슘 30정 30일분 ,3000,4.8,1365
20260405,982725198,6,미니, 미니 초코룹스 쿠키 40 g ,1000,4.8,589
20260405,613602085,7,닥터블릿, 닥터블릿 푸응 7days 팻버닝 21캡슐 ,5000,4.6,860
20260405,600000148,8,대웅제약, 대웅제약 칼슘 마그네슘 비타민D 60정 30일분 ,5000,4.8,1018
20260405,032627034,9,자연관, 자연관 이지슬로 엑스트라버진 올리브오일＆레몬 4병 ,5000,4.7,289
20260405,972080008,10,코코넛칩, 코코넛칩 50 g ,1500,4.7,1209
20260405,104557041,11,오뚜기, 오뚜기 참깨라면 110 g ,1000,4.9,610
20260405,600000126,12,대웅제약, 대웅제약 루테인 30정 30일분 ,3000,4.8,1358
20260405,600000135,13,대웅제약, 대웅제약 멀티비타민 미네랄 30정 30일분 ,5000,4.8,1160
20260405,947020016,14,청해, 청해 오찡어 소면 30 g ,2000,4.7,582
20260405,600000136,15,대웅제약, 대웅제약 녹차카테킨 30정 30일분 ,5000,4.8,1078
20260405,985472642,16,안국약품, 안국약품 콜린 미오이노시톨 4000 10포 ,5000,4.8,382
20260405,610910677,17,동국제약, 동국제약 이너케어＆유산균 30캡슐 ,5000,4.8,694
20260405,100308732,18,실카, 실카 초콜릿 위드 아몬드 38 g  ,500,4.8,543
20260405,928300326,19,일리, 일리 클래식 로스트 12개입 ,3000,4.8,621
20260405,600651654,20,유한양행, 유한양행 산뜻해질 생유산균 20캡슐 20일분 ,5000,4.8,26
20260405,600000134,21,대웅제약, 대웅제약 밀크씨슬 30정 30일분 ,5000,4.8,1166
20260405,600000127,22,대웅제약, 대웅제약 비타민C 30정 30일분 ,5000,4.8,669
20260405,120420584,23,청우, 청우 쫀득 초코칩 커피 맛 90 g ,1500,4.7,1131
20260405,600651649,24,유한양행, 유한양행 장건강 생유산균 30캡슐 30일분 ,5000,,0
20260405,600000132,25,대웅제약, 대웅제약 비타민D 4000IU 30정 30일분 ,3000,4.8,815
20260405,190616329,26,코스모스, 코스모스 두부 과자 110g ,1000,4.7,1691
20260405,600000204,27,대웅제약, 대웅제약 마그네슘 샷 25ml x 5병 5일분 ,5000,4.9,191
20260405,100308740,28,실카, 실카 초콜릿 위드 크리스피 36g ,500,4.8,578
20260405,033801971,29,호올스, 호올스 XS 멘토립터스 멘톨 향 캔디 15 g ,1000,4.8,553
20260405,002901705,30,멜로, 멜로 빅 머쉬멜로우 100g ,1000,4.9,451
20260405,106201275,31,롯데, 롯데 초코필드 빼빼로 53 g ,1500,4.9,401
20260405,600000139,32,대웅제약, 대웅제약 쏘팔메토 옥타코사놀 30캡슐 30일분 ,5000,4.8,662
20260405,289600582,33,추억의, 추억의 어포 튀각 32 g ,1000,4.8,1057
20260405,600000129,34,대웅제약, 대웅제약 비타민B 30정 30일분 ,3000,4.8,828
20260405,613602130,35,오브맘, 오브맘 비타민D＆아연 하루구미 30일분 ,5000,4.8,351
20260405,033801904,36,호올스, 호올스 XS 레몬민트 향 캔디 15 g ,1000,4.8,665
20260405,104502799,37,진라면, 진라면 스프 5g 10개입 매운맛 ,3000,4.9,374
20260405,126800650,38,동아, 동아 이브로 칠리콘 스낵 75 g ,1000,4.7,808
20260405,106286189,39,롯데, 롯데 꼬깔콘 군옥수수맛 52 g ,1000,4.8,45
20260405,925667463,40,허쉬, 허쉬 초콜릿 칩 미니 쿠키 50 g ,1000,4.7,936
20260405,531910960,41,포테이토, 포테이토 크리스프 사워크림 75g ,1000,4.8,972
20260405,45173653,42,메이지, 메이지 초코 베이비 32 g ,2000,4.9,464
20260405,105200406,43,고구마, 고구마 츄 60 g ,2000,4.7,369
20260405,104557163,44,오뚜기, 오뚜기 진라면 용기 매운맛 110 g ,1000,4.9,173
20260405,947020105,45,청해, 청해 땅콩버터맛 오징어 30g ,2000,4.8,719
20260405,947020042,46,쫀쫀이, 쫀쫀이 오징어 스틱 30 g ,2000,4.8,245
20260405,926940063,47,추억의, 추억의 과자 꾀돌이 75 g ,1000,4.8,441
20260405,277534494,48,게리, 게리 치즈 크래커 72 g ,1000,4.8,720
20260405,225903046,49,롯데, 롯데 크런키 볼 46 g ,1500,4.8,23
20260405,982725043,50,허쉬, 허쉬 초코팝콘 50g ,1000,4.8,831
20260405,221300592,51,셈볼, 셈볼 누가 초코바 ,500,4.8,112
20260405,600000133,52,대웅제약, 대웅제약 철분 30정 30일분 ,3000,4.8,738
20260405,111118048,53,크라운, 크라운 빅파이 216 g ,2000,4.8,243
20260405,225903048,54,롯데, 롯데 아몬드 초코 볼 46 g ,2000,4.7,21
20260405,139213437,55,CJ, CJ 카무트 곡물과채콤부 화사 효소 10포 10일분 ,5000,4.8,425
20260405,611982831,56,안국약품, 안국약품 토비콤 루테인 지아잔틴 미니 30캡슐 ,5000,4.8,527
20260405,902596193,57,애사비, 애사비 톡 매실 5 g X 10개입 ,3000,4.8,376
20260405,106238271,58,롯데, 롯데 쌀로 만든 쌀로별 고소한 맛 62 g ,1000,5.0,33
20260405,964455540,59,본죽, 본죽 얼큰 낙지 김치죽 200g ,2000,4.5,563
20260405,965923433,60,홀베리, 홀베리 유기농 레몬자몽즙 10포 ,5000,4.6,79
20260405,600651650,61,유한양행, 유한양행 비피더스 생유산균 10캡슐 10일분 ,5000,,0
20260405,949558093,62,도드람, 도드람 고기 찍먹 양념 세트 72 g ,1000,4.8,311
20260405,938846464,63,이디야, 이디야 비니스트 오리지널 아메리카노 1 g X 12개입 ,2000,4.8,199
20260405,031930043,64,닥터블릿, 닥터블릿 멜라드림 30정 30일분 ,5000,4.7,206
20260405,106286179,65,롯데, 롯데 치토스 매콤달콤맛 64 g ,1000,4.8,33
20260405,104557309,66,오뚜기, 오뚜기 스낵면 용기 90 g ,1000,4.8,201
20260405,109446260,67,휘오, 휘오 순수 500 ml ,500,4.8,87
20260405,591580521,68,종근당건강, 종근당건강 락토핏 골드 ,5000,4.8,689
20260405,600132084,69,코피코, 코피코 캔디 100 g 커피 맛 ,1500,4.8,539
20260405,190616902,70,코스모스, 코스모스 왕소라형 과자 138 g ,1000,4.7,928
20260405,106286178,71,롯데, 롯데 치토스 스모키바베큐맛 64 g ,1000,4.9,32
20260405,901762097,72,자연관, 자연관 홍삼정 에너타임 10포 ,5000,4.8,404
20260405,600651648,73,유한양행, 유한양행 장건강 생유산균 스틱 30포 30일분 ,5000,4.9,19
20260405,496300224,74,미고랭, 미고랭 라면 70 g ,1000,4.7,470
20260405,225903045,75,롯데, 롯데 ABC 초코 60 g ,2000,4.7,27
20260405,190616519,76,코스모스, 코스모스 버터갈릭 새우칩 56g ,1000,4.8,1465
20260405,106201270,77,롯데, 롯데 오리지널 빼빼로 54 g ,1500,4.7,204
20260405,289600078,78,호박, 호박 꿀맛나 100g ,1000,4.8,443
20260405,982725060,79,허쉬, 허쉬 초콜릿 칩 모찌 쿠키 90 g ,1500,4.8,607
20260405,600000206,80,대웅제약, 대웅제약 베르베린 500 30정 30일분 ,5000,4.8,148
20260405,947020018,81,청해, 청해 꼬꼬마 오징어 숏다리 30g ,2000,4.8,642
20260405,574247432,82,하이디라오, 하이디라오 마라펀 ,2000,4.8,263
20260405,262605102,83,코코넛, 코코넛 크래커 56.25 g ,1000,4.7,574
20260405,113300016,84,머거본, 머거본 알 땅콩 55g ,1000,4.8,331
20260405,104557458,85,오뚜기, 오뚜기 진짬뽕 용기 115 g ,1500,4.9,145
20260405,104556003,86,오뚜기, 오뚜기 뿌셔뿌셔 불고기 맛 90 g X 2개입 ,1500,4.8,245
20260405,106224743,87,롯데, 롯데 칙촉 120 g ,2000,4.9,18
20260405,921556550,88,추억, 추억 나눔 뻥튀기 44 g ,1000,4.8,435
20260405,947020019,89,청해, 청해 대왕 오징어 롱다리 30 g ,2000,4.6,177
20260405,600000152,90,대웅제약, 대웅제약 콘드로이친 30정 30일분 ,5000,4.7,446
20260405,483400937,91,게메즈, 게메즈 에낙 30 g X 4개입 ,2000,4.9,102
20260405,600651652,92,유한양행, 유한양행 초코맛 생유산균 스틱 20포 20일분 ,5000,,0
20260405,921556556,93,녹차, 녹차 맛 마카로니 과자 65 g ,1000,4.8,710
20260405,646710533,94,프링글스, 프링글스 오리지널 53 g ,1500,4.8,372
20260405,104557457,95,오뚜기, 오뚜기 진짬뽕 미니컵 75 g ,1000,4.9,140
20260405,994953532,96,LG생활건강, LG생활건강 이너뷰 비눌린 워터믹스 10포 ,5000,4.5,52
20260405,104568419,97,오뚜기, 오뚜기 컵누들 참깨 라면 ,1500,4.8,97
20260405,600000138,98,대웅제약, 대웅제약 콜라겐 60정 30일분 ,5000,4.8,578
20260405,104529032,99,오뚜기, 오뚜기 3분카레 매운맛 200 g ,1500,5.0,140
20260405,938846640,100,이디야, 이디야 스페셜 아로마 블렌드 헤이즐넛 향 커피믹스 20개입 ,3000,4.7,284
20260405,458877369,101,북해도, 북해도 우유 모찌 40 g ,2000,4.4,638
20260405,591580541,102,종근당건강, 종근당건강 눈건강엔 루테인지아잔틴 ,5000,4.8,566
20260405,012600604,103,로투스, 로투스 비스코프 125 g ,1500,4.8,514
20260405,925667934,104,허쉬, 허쉬 다크초콜릿 석류 28g ,1000,4.7,300
20260405,961794509,105,허니, 허니 버터 아몬드 40g ,1500,4.9,266
20260405,925667703,106,오트밀, 오트밀 미니 바이트 40g ,1000,4.9,541
20260405,600000203,107,대웅제약, 대웅제약 식물성 뉴티지 오메가3 30캡슐 30일분 ,5000,4.7,247
20260405,921556555,108,녹차, 녹차 맛 강냉이 과자 80 g ,1000,4.8,385
20260405,113300431,109,민속, 민속 통 육포 35g ,2000,4.8,487
20260405,964455539,110,본죽, 본죽 보양 삼계죽 200g ,2000,4.8,282
20260405,104529401,111,오뚜기, 오뚜기 3분 김치참치덮밥 소스 150 g ,1500,4.8,186
20260405,944182826,112,허쉬, 허쉬 초코 아몬드 찰떡 파이 88 g ,1500,4.7,488
20260405,252021099,113,추억의, 추억의 차카니 60g ,1000,4.7,444
20260405,964455538,114,본죽, 본죽 쇠고기죽 200g ,2000,4.7,272
20260405,646710535,115,프링글스, 프링글스 사워크림 앤 어니언 53 g ,1500,4.8,509
20260405,099715606,116,드롭, 드롭 어소티드 소프트캔디 75g ,1000,4.9,366
20260405,600651651,117,유한양행, 유한양행 프레쉬츄 생유산균 30정 30일분 ,5000,4.8,12
20260405,600000130,118,대웅제약, 대웅제약 글루타치온 30정 30일분 ,5000,4.8,797
20260405,155890322,119,움트리, 움트리 쇠고기 볶음고추장 100g ,2000,4.8,571
20260405,610910601,120,동국제약, 동국제약 마데카 리포좀 레티놀C 20포 ,5000,4.8,343
20260405,613602146,121,자연관, 자연관 바이탈 밀크씨슬＆비타민B 4병 ,5000,4.8,82
20260405,917054202,122,테일러팜스, 테일러팜스 테일러 푸룬 50 g ,1500,4.7,353
20260405,289600520,123,철판에, 철판에 메메 잘 구운 쥐포 48g ,2000,4.6,351
20260405,286314184,124,영진, 영진 비타민D 1000IU 아연 츄어블 12정 ,1000,4.8,33
20260405,106288364,125,롯데, 롯데 크런키 빼빼로 39 g ,1500,4.9,176
20260405,702591115,126,하타리, 하타리 말키스트 120 g 초콜릿 맛 ,1000,4.7,354
20260405,104529031,127,오뚜기, 오뚜기 3분 카레 약간매운맛 200 g ,1500,4.9,143
20260405,104514115,128,오뚜기, 오뚜기 골드 마요네즈 200 g ,2000,4.8,244
20260405,600132083,129,코피코, 코피코 캔디 100 g 카푸치노 맛 ,1500,4.9,401
20260405,289600277,130,빼빼어포, 빼빼어포 오리지널 24g ,1000,4.8,500
20260405,204942093,131,카스텔크렘, 카스텔크렘 레몬 캔디 50 g ,2000,4.8,572
20260405,942788230,132,광천, 광천 재래 곱창 김 4 g X 3봉 ,1000,4.8,146
20260405,921440142,133,행복한, 행복한 쇼콜라띠에 화이트초코 100 g ,2000,4.9,273
20260405,951817120,134,[한정수량, [한정수량 랜덤 스티커 포함] 락피도 티니핑 철분스틱 12포 ,5000,4.9,104
20260405,120400494,135,청우, 청우 참깨스틱 ,1500,4.8,582
20260405,49811353,136,모리나가, 모리나가 라무네 포도당 캔디 29 g ,1000,4.7,473
20260405,610910603,137,동국제약, 동국제약 마데카 저분자 콜라겐C ,5000,4.8,260
20260405,712266879,138,망고큐브젤리(50, 망고큐브젤리(50 g) ,1000,4.7,638
20260405,277534495,139,게리, 게리 살룻 코코넛 76 g ,1000,4.7,441
20260405,942788229,140,광천김, 광천김 재래도시락김(4 gx3봉) ,1000,4.8,272
20260405,104529130,141,오뚜기, 오뚜기 3분 짜장 200 g ,1500,4.8,167
20260405,902596192,142,애사비, 애사비 톡 사과 5 g X 10개입 ,3000,4.9,355
20260405,120420585,143,청우, 청우 찹쌀 모나카 65 g ,1500,4.8,588
20260405,949000068,144,피오디, 피오디 레몬즙 200 ml ,1500,4.9,524
20260405,942788193,145,두, 두 번 구운 김밥 김 10매입 ,2000,4.7,242
20260405,600651647,146,유한양행, 유한양행 프리바이오틱스 스틱 40포 20일분 ,5000,,0
20260405,121609907,147,하리보, 하리보 믹스 사우어 80 g ,1500,4.9,266
20260405,120420547,148,청우, 청우 사르르 버터 쿠키 83 g ,1000,4.7,652
20260405,699520507,149,미성, 미성 화이트 캐슬 버터 쿠키 ,1000,4.7,876
20260405,104529941,150,오뚜기, 오뚜기 옛날 사골곰탕 350 ml ,1000,4.8,174
20260405,951817119,151,[한정수량, [한정수량 랜덤 스티커 포함] 락피도 티니핑 비타스틱 12포 ,5000,4.9,96
20260405,600000207,152,대웅제약, 대웅제약 알파CD ZERO 15포 15일분 ,5000,4.8,104
20260405,104529405,153,오뚜기, 오뚜기 3분 제육덮밥 소스 150 g ,1500,4.8,152
20260405,286314181,154,영진, 영진 비타민C 츄어블 12정 ,1000,4.6,19
20260405,905440019,155,요뽀끼, 요뽀끼 치즈 떡볶이 120 g ,2000,4.7,523
20260405,605276084,156,코키, 코키 치즈 크래커 80 g ,1000,4.6,298
20260405,531910198,157,해피무, 해피무 초코렛 비스켓 80 g ,1000,4.8,391
20260405,113300102,158,머거본, 머거본 커피 땅콩 55g ,1000,4.8,453
20260405,120420600,159,청우, 청우 그랑쉘 딸기 ,1500,4.8,184
20260405,288822321,160,모리나가, 모리나가 오리지널믹스 하이츄 (90 g) ,2000,,0
20260405,106289354,161,롯데, 롯데 ABC 초코 쿠키 50 g ,1000,4.8,13
20260405,921556571,162,토마토, 토마토 캔디 40 g ,1000,4.6,233
20260405,600000149,163,대웅제약, 대웅제약 MSM 90정 30일분 ,5000,4.8,397
20260405,443310128,164,고소한, 고소한 치즈봉 90 g ,1500,4.7,221
20260405,286314174,165,닥터블릿, 닥터블릿 푸응 7days 데일리버닝 14포 7일분 ,5000,4.6,58
20260405,289600432,166,월드컵, 월드컵 맛기차 콘 84g  ,1000,4.9,276
20260405,032627033,167,자연관, 자연관 스파이크컷 바나바잎＆카테킨 4병 ,5000,4.7,110
20260405,002990203,168,미성, 미성 멜로 머쉬멜로우 ,1000,4.8,106
20260405,104551251,169,오뚜기, 오뚜기 컵누들 마라탕 맛 ,1500,4.8,105
20260405,104529404,170,오뚜기, 오뚜기 3분 춘천 닭갈비 덮밥 소스 150 g ,1500,4.8,178
20260405,951817122,171,[한정수량, [한정수량 랜덤 스티커 포함] 락피도 티니핑 아르기닌스틱 12포 ,5000,4.9,95
20260405,456322014,172,오라이시, 오라이시 베트남쌀국수컵(71 g) ,1500,,0
20260405,994953531,173,LG생활건강, LG생활건강 이너뷰 히알루론산 더마스틱 12포 ,5000,4.8,145
20260405,104557136,174,오뚜기, 오뚜기 진라면 용기 순한맛 110 g ,1000,4.9,103
20260405,104502247,175,오뚜기, 오뚜기 보들보들 치즈 볶음면 매운맛 ,1500,4.9,16
20260405,982725115,176,허쉬, 허쉬 바닐라 크림 샌드위치 쿠키 75 g ,1000,4.8,430
20260405,76224935,177,밀카, 밀카 초코 슈프림 30 g ,1000,4.5,47
20260405,531910918,178,포테이토, 포테이토 크리스프 바베큐맛 75g ,1000,4.8,683
20260405,104520221,179,오뚜기, 오뚜기 사과 식초 500 ml ,1500,4.8,194
20260405,629180143,180,타타와, 타타와 초콜릿 쿠키 60 g ,1000,4.7,396
20260405,109405260,181,닥터페퍼, 닥터페퍼 500 ml ,1500,4.8,80
20260405,190616407,182,코스모스, 코스모스 트위스트 128 g ,1000,4.8,517
20260405,155890321,183,움트리, 움트리 생와사비 43g ,2000,4.8,491
20260405,938846639,184,이디야, 이디야 클래식 커피믹스 20개입 ,3000,4.6,153
20260405,932294263,185,참소스, 참소스 275g ,2000,4.9,524
20260405,905440384,186,요뽀끼, 요뽀끼 매콤 까르보나라 떡볶이 120 g ,2000,4.8,515
20260405,901762093,187,자연관, 자연관 정성담은 배도라지스틱 12포 ,5000,4.8,317
20260405,245610601,188,슬림, 슬림 육포 20g  ,2000,4.8,297
20260405,994953528,189,LG생활건강, LG생활건강 이너뷰 콜라겐 더마스틱 7포 ,5000,4.7,121
20260405,113300074,190,머거본, 머거본 칼몬드 35 g ,2000,4.8,79
20260405,924797580,191,해츠쟈, 해츠쟈 쏸라펀 마라탕 128 g ,2000,4.7,278
20260405,497330900,192,엠앤엠즈, 엠앤엠즈 밀크 펀 사이즈 54 g ,2000,4.8,190
20260405,289600280,193,빼빼어포, 빼빼어포 매운맛 24 g ,1000,4.9,170
20260405,027945156,194,바프, 바프 군옥수수 맛 아몬드＆땅콩 35 g ,1000,4.8,96
20260405,951817121,195,[한정수량, [한정수량 랜덤 스티커 포함] 락피도 티니핑 쾌변스틱 12포 ,5000,4.8,89
20260405,939534043,196,우주, 우주 추억의 달고나 45g  ,1000,4.7,350
20260405,921556557,197,앵두콘, 앵두콘 과자 80 g ,1000,4.6,317
20260405,699520508,198,미성, 미성 화이트 캐슬 초콜릿칩 버터 쿠키 ,1000,4.7,468
20260405,225902109,199,롯데, 롯데 자일리톨 알파 용기 48 g ,2000,5.0,12
20260405,120400779,200,청우, 청우 미니 웨하스 딸기 맛 80 g ,1000,4.7,468
20260405,120400778,201,청우, 청우 미니 웨하스 바닐라 맛 80 g ,1000,4.7,426
20260405,106252142,202,롯데, 롯데 샌드 파인애플 79 g ,1000,4.8,12
20260405,106201274,203,롯데, 롯데 초코쿠키 빼빼로 37 g ,1500,4.8,123
20260405,104576228,204,진라면, 진라면 스프 5g 10개입 순한맛 ,3000,4.8,151
20260405,913624074,205,오브맘, 오브맘 비타민C 플러스 톡톡! 30일분 ,5000,4.9,236
20260405,288897426,206,모리나가, 모리나가 하이츄 스윗 앤 사우어 90g ,2000,4.9,286
20260405,961794805,207,바프, 바프 와사비맛 땅콩 55g ,1000,4.8,354
20260405,924797540,208,생고구맛탕, 생고구맛탕 칩 80 g ,2000,4.5,222
20260405,430009152,209,록키마운틴, 록키마운틴 마쉬멜로우 화이트 150 g 레귤러 ,3000,4.9,14
20260405,104529330,210,오뚜기, 오뚜기 3분 하이라이스 소스 200 g ,1500,4.8,121
20260405,802403402,211,쟈뎅, 쟈뎅 바리스타 싱글오리진 브라질 캡슐 커피 미디엄 10개입 ,5000,4.8,57
20260405,317836739,212,유니콘, 유니콘 롤스 19 g ,500,4.8,80
20260405,221024842,213,밀카, 밀카 초코무 40 g ,1000,4.8,86
20260405,121609555,214,하리보, 하리보 웜즈 사우어 80 g ,1500,4.9,250
20260405,283672625,215,롯데, 롯데 허쉬 스페셜 크리에이션 스트로베리 38 g ,1500,4.3,15
20260405,935817111,216,출출할땐, 출출할땐 출추리 훈제맛(25 g) ,1500,4.7,182
20260405,902596195,217,애사비, 애사비 톡 오미자 5 g X 10개입 ,3000,4.8,209
20260405,104552631,218,오뚜기, 오뚜기 진비빔면 멀티팩 156 g  X 4개입 ,3000,4.8,130
20260405,951817118,219,[한정수량, [한정수량 랜덤 스티커 포함]  락피도 티니핑 칼슘스틱 12포 ,5000,4.8,62
20260405,902596194,220,애사비, 애사비 톡 블루베리 5 g X 10개입 ,3000,4.8,208
20260405,491844112,221,보성제다, 보성제다 아름다운 둥글레차 14.4g (1.2gx12티백) ,1000,4.8,243
20260405,610910602,222,동국제약, 동국제약 마데카 리포좀 글루타치온C 20포 ,5000,4.8,412
20260405,600000202,223,대웅제약, 대웅제약 활성엽산400 30정 30일분 ,5000,4.8,72
20260405,982725153,224,리치, 리치 허니 쌀과자 120 g ,2000,4.8,303
20260405,913624078,225,오브맘," 오브맘 스트레스,쉼 30일분 ",5000,4.8,254
20260405,802403401,226,쟈뎅, 쟈뎅 바리스타 싱글오리진 브라질 캡슐 커피 다크 10개입 ,5000,4.9,100
20260405,155890324,227,움트리, 움트리 순후추 50 g ,3000,4.8,284
20260405,994953534,228,LG생활건강, LG생활건강 이너뷰 칼륨밸런스 전해질워터 10포 ,5000,4.8,248
20260405,948699283,229,와사비, 와사비 스낵 90 g ,2000,4.7,205
20260405,913624077,230,오브맘, 오브맘 기억력 그린라이트 30일분 ,5000,4.7,194
20260405,289600434,231,호박쫀드기, 호박쫀드기 84g ,1000,4.7,211
20260405,938846466,232,이디야, 이디야 비니스트 스모키 아메리카노 1 g X 12개입 ,2000,4.7,95
20260405,938846465,233,이디야, 이디야 비니스트 스페셜 에디션 1 g X 12개입 ,2000,4.6,70
20260405,478200699,234,감자알칩, 감자알칩 치즈 마요 맛 38 g ,1000,4.7,300
20260405,106285943,235,롯데, 롯데 키세스 밀크 31 g ,1000,,0
20260405,106285941,236,롯데, 롯데 키세스 쿠앤크 31 g ,1000,,0
20260405,027945154,237,바프, 바프 허니 버터 아몬드＆땅콩 35 g ,1000,4.8,133
20260405,168637575,238,하리보, 하리보 프루티 부시 100 g ,1500,4.8,309
20260405,113300101,239,머거본, 머거본 꿀땅콩 55g ,1000,4.8,385
20260405,336800055,240,알버트, 알버트 동전 초콜릿 망 55 g ,2000,4.7,21
20260405,289600420,241,꼬마, 꼬마 꾸이킹 오리지널 25g ,1000,4.8,268
20260405,120420568,242,청우, 청우 고구마 모나카 65g ,1500,4.6,932
20260405,112300214,243,칸타타, 칸타타 디카페인 블렌드 드립백 10 g X 9개입 ,5000,4.8,39
20260405,949753218,244,쏠라C, 쏠라C 블루베리 맛 30개입 ,3000,4.9,147
20260405,980562147,245,사우어, 사우어 롤더벨트 딸기 40g ,1000,4.8,89
20260405,938846609,246,이디야, 이디야 스페셜 모카 블렌드 커피믹스 30개입 ,5000,4.7,87
20260405,591591440,247,종근당건강, 종근당건강 브이퍼센트 멀티비타민 타우린샷 5포 ,5000,4.8,179
20260405,104557068,248,오뚜기, 오뚜기 열라면 작은컵 6개입 ,5000,4.9,152
20260405,102495503,249,청정원, 청정원 멸치 쌀국수 92 g ,2000,4.8,282
20260405,111533852,250,서울우유, 서울우유 딸기우유 맛 젤리 45 g ,1000,4.4,302
20260405,015740573,251,벤토, 벤토 바베큐 앤 스파이시 12 g ,1000,4.8,157
20260405,961794514,252,바프, 바프 카라멜 솔티드 아몬드 앤 프레첼 40 g ,1500,4.7,210
20260405,955960244,253,챠챠, 챠챠 해바라기씨 양념 맛 45 g ,1000,4.7,317
20260405,600131898,254,베터, 베터 초코 샌드위치 100g ,1000,4.6,255
20260405,944502262,255,호올스, 호올스 자몽 향 캔디 2개입 ,1500,4.9,247
20260405,109498520,256,씨그램, 씨그램 라임 350 ml ,1000,4.8,28
20260405,962380022,257,모리나가, 모리나가 하이츄 트로피컬 믹스 90g ,2000,4.9,226
20260405,289600542,258,빼빼, 빼빼 어포 오리지널 60 g ,2000,4.8,57
20260405,982725183,259,온실, 온실 와사비 칩 ,1000,4.7,181
20260405,956842650,260,0칼로리, 0칼로리 설탕 대신 알룰로스 450 g ,5000,4.7,95
20260405,913624076,261,오브맘, 오브맘 눈건강 아이라이트 30일분 ,5000,4.8,130
20260405,283672623,262,롯데, 롯데 허쉬 스페셜 크리에이션 초코티라미수 38 g ,1500,4.8,11
20260405,225903050,263,롯데, 롯데 드림 카카오 볼 56% 48 g ,2000,,0
20260405,924797586,264,초코, 초코 틴인틴 89 g ,1500,4.8,215
20260405,629180141,265,타타와, 타타와 블루베리잼 쿠키 60 g ,1000,4.7,269
20260405,600651655,266,유한양행, 유한양행 운동부스터 생유산균 스틱 5포 5일분 ,5000,,0
20260405,289600433,267,옥수수, 옥수수 쫀드기 84g ,1000,4.8,269
20260405,245610506,268,치즈, 치즈 앤 미트 스키니 육포 30 g ,2000,4.8,103
20260405,951817123,269,[한정수량, [한정수량 랜덤 스티커 포함] 락피도 티니핑 빌베리스틱 12포 ,5000,4.9,92
20260405,203590173,270,하리보, 하리보 스타 믹스 100 g ,1500,4.9,190
20260405,712266873,271,파인애플, 파인애플 큐브 젤리 50 g ,1000,,0
20260405,948699232,272,무직타이거, 무직타이거 찹쌀손약과 60g ,1000,4.7,251
20260405,948699024,273,크래용, 크래용 신짱 라면 스낵 바베큐 맛 90 g ,1000,4.6,340
20260405,802403403,274,쟈뎅, 쟈뎅 바리스타 싱글오리진 브라질 캡슐 커피 디카페인 10개입 ,5000,4.7,99
20260405,600000151,275,대웅제약, 대웅제약 숙취해소 노니샷 5포 5회분 ,5000,4.8,158
20260405,600000142,276,대웅제약, 대웅제약 멀티비타민 미네랄 츄어블 60정 30일분 ,5000,4.8,254
20260405,591580891,277,종근당건강, 종근당건강 락토핏 간케어 20포 ,5000,4.7,118
20260405,154404007,278,밀펑, 밀펑 과자 70 g ,1000,4.7,274
20260405,126800543,279,동아, 동아 죽염사탕 90 g ,1000,4.8,114
20260405,947020027,280,청해추억의빵쥐포(40, 청해추억의빵쥐포(40 g) ,2000,4.8,155
20260405,643701702,281,오키오, 오키오 구미 100 g 그레이프 ,1500,4.8,58
20260405,109498420,282,씨그램, 씨그램 플레인 350 ml ,1000,4.7,21
20260405,104529030,283,오뚜기, 오뚜기 3분 카레 순한맛 200 g ,1500,4.9,82
20260405,924797423,284,두부두부, 두부두부 야채 스낵 80 g ,1500,4.8,279
20260405,599960104,285,복음자리짜먹는딸기잼, 복음자리짜먹는딸기잼 ,2000,4.8,122
20260405,283672621,286,롯데, 롯데 허쉬 라지바 90 g 아몬드 ,3000,,0
20260405,111800103,287,롯데, 롯데 카놀라유 500 ml ,3000,,0
20260405,926940051,288,뉴트리크라프트, 뉴트리크라프트 에너지 포도당 캔디 70 g ,2000,4.8,233
20260405,289600065,289,월드컵, 월드컵 어포 24 g ,1000,4.8,150
20260405,154401067,290,옛날, 옛날 돌사탕 50g ,1000,4.8,143
20260405,111533853,291,서울우유, 서울우유 바나나우유 맛 젤리 45 g ,1000,4.5,204
20260405,976195479,292,스키니랩, 스키니랩 프레스팝 멀티비타민 사과 맛 4개입 ,5000,4.7,140
20260405,947020022,293,청해, 청해 신오찡어 소면 30 g ,2000,4.7,184
20260405,927502352,294,요거트, 요거트 샌드 웨이퍼 56 g ,3000,4.7,288
20260405,111194423,295,크라운, 크라운 카라멜 콘 땅콩 125 g ,2000,4.7,64
20260405,109436270,296,파워에이드, 파워에이드 마운틴 블라스트 600ml ,1500,4.9,127
20260405,106200942,297,롯데, 롯데 제크 65 g ,1000,4.8,11
20260405,938846608,298,이디야, 이디야 스페셜 골드 블렌드 리치 크레마 커피믹스 30개입 ,5000,4.8,70
20260405,299352571,299,브라우니, 브라우니 믹스 230 g ,3000,4.5,101
20260405,155890326,300,움트리, 움트리 마라 소스 120 g ,3000,4.8,370
20260405,154404004,301,옛맛, 옛맛 튀밥 강정 70 g ,1000,4.6,86
20260405,104529402,302,오뚜기, 오뚜기 3분 낙지덮밥 소스 150 g ,1500,4.7,140
20260405,961794511,303,HBAF, HBAF 와사비맛 아몬드 40g ,1500,4.8,191
20260405,225902105,304,롯데, 롯데 졸음껌 오리지날 리필 70 g ,3000,4.6,11
20260405,155860026,305,움트리, 움트리 실장님 회 초장 300g ,2000,4.8,178
20260405,935817110,306,출출할땐, 출출할땐 출추리 매운맛 25 g ,1500,4.8,110
20260405,610910727,307,동국제약, 동국제약 리포좀 마그마 스피드 30정 ,5000,4.7,105
20260405,591591420,308,종근당건강, 종근당건강 브이퍼센트 멀티비타민 콜라겐샷 5포 ,5000,4.9,113
20260405,458820215,309,꿀사과, 꿀사과 모찌 40 g ,2000,4.3,339
20260405,104557010,310,오뚜기진라면순한맛작은컵6입, 오뚜기진라면순한맛작은컵6입 ,5000,4.9,95
20260405,104510411,311,오뚜기, 오뚜기 1/2 하프 케찹 280 g ,2000,4.9,121
20260405,976195494,312,스키니랩, 스키니랩 프레스팝 멀티비타민 포도 맛 4개입 ,5000,4.6,129
20260405,935144096,313,레몬, 레몬 녹차 340 ml ,1000,4.8,170
20260405,611982832,314,안국약품, 안국약품 토비콤 눈피로엔 아이포커스 미니 20캡슐 ,5000,4.9,62
20260405,168630155,315,하리보, 하리보 골드베렌 100g ,1500,4.8,236
20260405,643701699,316,오키오, 오키오 구미 100 g 망고 ,1500,4.8,46
20260405,000011451,317,그린, 그린 자이언트 니블렛 스위트콘 340 g ,2000,4.8,221
20260405,289600479,318,허니버터맛, 허니버터맛 쫀드기 84g ,1000,4.7,191
20260405,283672627,319,롯데, 롯데 허쉬 스페셜 크리에이션 초코치즈 38 g ,1500,4.6,10
20260405,283672617,320,롯데, 롯데 허쉬 라지바 90 g 밀크 ,3000,,0
20260405,245609079,321,달콤한, 달콤한 직화 육포 25g ,2000,4.8,218
20260405,111194673,322,크라운, 크라운 죠리퐁 138 g ,2000,4.8,84
20260405,109408260,323,코카콜라, 코카콜라 제로 500 ml ,2000,4.8,106
20260405,925733212,324,담터, 담터 호두아몬드율무차 108g (18gx6포) ,2000,4.9,253
20260405,605276075,325,망고, 망고 크림 크래커 ,1000,4.5,323
20260405,106618005,326,웨이퍼, 웨이퍼 마스터 롤 헤이즐넛 크림 65 g ,1000,4.7,275
20260405,927502353,327,딸기, 딸기 샌드 웨이퍼 56 g ,3000,4.8,330
20260405,274710519,328,헬로키티, 헬로키티 껌 27.5 g ,1000,4.7,181
20260405,112300211,329,칸타타, 칸타타 스페셜티 다크 블렌드 드립백 10 g X 9개입 ,5000,4.9,29
20260405,925733521,330,담터, 담터 포켓몬 콤부차 포도 5 g X 5개입 ,2000,4.8,65
20260405,918057101,331,한주, 한주 본 소금 1kg ,2000,4.8,189
20260405,982725078,332,피니, 피니 피지 웜 젤리 100 g ,1500,4.7,100
20260405,961794806,333,바프, 바프 군옥수수 맛 땅콩 ＆ 콘프라이즈 55g ,1000,4.7,241
20260405,947020048,334,오징어, 오징어 숏다리 매운맛 25 g ,2000,4.6,43
20260405,927502252,335,자일스톤, 자일스톤 레몬 향 20 g ,2000,4.7,210
20260405,926940084,336,다크, 다크 초코 청크 100 g ,2000,4.8,133
20260405,925733520,337,담터, 담터 포켓몬 콤부차 5개입 망고 리치 ,2000,4.8,138
20260405,921556567,338,플레이, 플레이 시애니멀(56 g) ,1000,4.8,117
20260405,289600482,339,꼬마, 꼬마 꾸이킹 오리지널 62g ,2000,4.7,262
20260405,289600457,340,철판, 철판 꾸이킹 오리지널 22 g ,1000,4.8,204
20260405,105200963,341,청정원, 청정원 발효 미원 50 g ,1500,4.8,174
20260405,947020020,342,청해, 청해 콘치즈 맛 오징어 30 g ,2000,4.6,86
20260405,944502305,343,호올스, 호올스 라임 향 캔디 2개입 ,1500,4.8,191
20260405,106286375,344,롯데, 롯데 복숭아 캔디 153 g ,2000,,0
20260405,925733519,345,담터, 담터 포켓몬 콤부차 5개입 라임 ,2000,4.8,144
20260405,925733230,346,담터, 담터 레몬에이드 믹스 15 g X 10개입 ,2000,4.7,148
20260405,948699026,347,크래용, 크래용 신짱 라면 스낵 양념치킨 맛 90 g ,1000,4.7,265
20260405,947020023,348,청해, 청해 버터구이 쥐포채 30 g ,2000,4.8,89
20260405,935144292,349,자두, 자두 녹차 340 ml ,1000,4.9,114
20260405,724020430,350,피시, 피시 스낵 스파이스맛 27g ,1000,4.7,210
20260405,600000147,351,대웅제약, 대웅제약 칼슘120정 30일분 ,5000,4.8,226
20260405,283670426,352,롯데, 롯데 허쉬 너겟 밀크 28 g ,1000,,0
20260405,027945155,353,바프, 바프 와사비 맛 아몬드＆땅콩 35 g ,1000,4.7,98
20260405,926940911,354,데코펜, 데코펜 다크 20g ,1000,4.9,196
20260405,921556569,355,별콘, 별콘 딸기맛 80 g ,1000,4.6,12
20260405,921440129,356,행복한, 행복한 쇼콜라띠에 다크초코 100 g ,2000,4.7,185
20260405,245610800,357,참기름, 참기름 찍어 먹는 쇠고기 육포 20 g ,2000,4.8,69
20260405,109434260,358,태양의마태차, 태양의마태차 500 ml ,1000,4.6,66
20260405,994953530,359,LG생활건강, LG생활건강 이너뷰 레티놀 리포좀C 12포 ,5000,4.8,56
20260405,926940050,360,뉴트리크라프트, 뉴트리크라프트 스포츠 포도당 캔디 70 g ,2000,4.7,121
20260405,925667540,361,허쉬, 허쉬 초콜릿 칩 쿠키 72 g ,2000,4.8,156
20260405,245600011,362,일품, 일품 등심 육포 40 g ,3000,4.9,29
20260405,168632336,363,하리보, 하리보 해피 콜라 100 g ,1500,4.9,92
20260405,121609637,364,하리보, 하리보 해피 콜라향 사우어 80g ,1500,4.8,97
20260405,109476210,365,미닛메이드, 미닛메이드 쿠우 오렌지 300 ml ,1000,4.8,33
20260405,605276060,366,치즈, 치즈 향 크림 크래커 100 g ,1000,4.8,225
20260405,940695893,367,미루, 미루 러브 틴케이스 18 g ,1000,4.3,35
20260405,283672619,368,롯데, 롯데 허쉬 라지바 90 g 쿠앤크 ,3000,,0
20260405,961794849,369,바프, 바프 군옥수수 맛 아몬드 110 g ,3000,4.9,105
20260405,982725108,370,허쉬, 허쉬 밀크 초콜릿 칩 80 g ,2000,4.7,57
20260405,980562353,371,사우어, 사우어 믹스 젤리 빈 50 g ,1000,4.7,111
20260405,980562148,372,사우어, 사우어 롤더벨트 라즈베리 40g ,1000,4.5,60
20260405,921440109,373,행복한, 행복한 쇼콜라띠에 밀크초코 100 g ,2000,4.8,245
20260405,902596200,374,꿀, 꿀 자몽 블랙티 1 g X 7개입 ,2000,4.5,43
20260405,700048254,375,트롤리, 트롤리 사우어 구미 캔디 42g ,1000,4.7,76
20260405,289600281,376,통통, 통통 어포 오리지널 24g ,1000,4.7,147
20260405,106263760,377,[팔각], [팔각] 롯데 오리지널 빼빼로 184 g ,5000,4.8,144
20260405,002832533,378,스코렐리, 스코렐리 바 60 g ,1000,4.6,24
20260405,952708061,379,믹스, 믹스 커피 캐러멜 50 g ,1000,4.5,196
20260405,924797377,380,마쉬멜로우, 마쉬멜로우 초콜릿맛 90g ,2000,4.6,157
20260405,286314178,381,올비텐, 올비텐 멀티비타민 츄어블 30정 ,3000,,0
20260405,112300212,382,칸타타, 칸타타 스페셜티 시트러스 블렌드 드립백 10 g X 9개입 ,5000,4.7,16
20260405,109477210,383,미닛메이드, 미닛메이드 쿠우 포도 300 ml ,1000,4.6,25
20260405,106201360,384,롯데, 롯데 애니타임 밀크 92 g ,2000,4.9,13
20260405,015740105,385,벤토, 벤토 스위트＆스파이시 12 g ,1000,4.8,145
20260405,944992028,386,달고나, 달고나 다크 초콜릿 25 g ,1500,4.6,70
20260405,478200700,387,감자알칩, 감자알칩 군옥수수 맛 70 g ,1500,4.7,127
20260405,925733229,388,담터, 담터 자몽 허니 블랙티 78g (13gx6개입) ,2000,4.7,207
20260405,917054020,389,테일러팜스, 테일러팜스 말린살구 ,2000,4.5,111
20260405,913188661,390,땅콩, 땅콩 캬라멜 70g ,1000,4.6,148
20260405,600440713,391,미에로, 미에로 화이바 350ml ,1500,4.8,116
20260405,297531900,392,하리보, 하리보 해피 그레이프 100 g ,1500,4.9,140
20260405,961794516,393,바프, 바프 마늘빵 아몬드 40 g ,1500,4.8,174
20260405,015740206,394,벤토, 벤토 앵그리 앤 스파이시 12 g ,1000,4.7,168
20260405,984690019,395,매일유업, 매일유업 셀렉스 밀세라 콜라겐 4개입 ,5000,4.8,21
20260405,925733522,396,담터, 담터 포켓몬 콤부차 납작복숭아 5 g X 5개입 ,2000,4.8,77
20260405,155890327,397,움트리, 움트리 크리미 생와사비 100 g ,3000,4.7,257
20260405,051299808,398,트롤리, 트롤리 미니 버거 모양 젤리 50 g ,2000,4.9,78
20260405,952708076,399,안동, 안동 사과 카라멜 50 g ,1000,4.6,329
20260405,952708059,400,밀크, 밀크 캐러멜 50 g ,1000,4.8,283
20260405,921556531,401,왕별사탕, 왕별사탕 30g ,1000,4.8,47
20260405,106288540,402,롯데, 롯데 핵짱셔요 후르츠 51 g ,1000,,0
20260405,947020005,403,청해, 청해 순살코기 쥐포구이채 30 g ,2000,4.8,119
20260405,126800008,404,동아, 동아 흑사탕 100 g ,1000,4.8,142
20260405,994953529,405,LG생활건강, LG생활건강 이너뷰 진한 레드 석류 콜라겐 7포 ,5000,4.7,67
20260405,935144269,406,애플망고, 애플망고 340 ml ,1000,4.7,164
20260405,126800536,407,동아, 동아 박하향 캔디 130g ,1000,4.8,167
20260405,109451261,408,조지아, 조지아 크래프트 저칼로리 라떼 470 ml ,2000,4.6,47
20260405,955960247,409,챠챠, 챠챠 해바라기씨 고소한 맛 45 g ,1000,4.6,242
20260405,927502251,410,자일스톤, 자일스톤 민트 향 20 g ,2000,4.7,127
20260405,917760290,411,트리플에스, 트리플에스 라이스 믹스 스낵 70 g ,1500,4.7,197
20260405,104537009,412,오뚜기, 오뚜기 옛날 사리 당면 100 g ,2000,4.8,37
20260405,956842651,413,0칼로리, 0칼로리 설탕 대신 스테비아 스위트너 280 g ,3000,4.9,18
20260405,926940912,414,데코펜, 데코펜 화이트 20g  ,1000,4.8,202
20260405,925733214,415,담터, 담터 생강차 플러스 120g (15gx8개입) ,2000,4.7,92
20260405,924797561,416,틴인틴, 틴인틴 비스켓 200g ,3000,4.9,164
20260405,982725109,417,허쉬, 허쉬 미니 세미 스위트 초콜릿 칩 80 g ,2000,4.7,68
20260405,982725080,418,피니, 피니 스몰 콜라병 모양 젤리 100 g ,1500,5.0,33
20260405,289600526,419,불닭, 불닭 어포 20g ,1000,4.5,67
20260405,112360212,420,롯데, 롯데 로스팜 200 g ,3000,,0
20260405,109464220,421,미닛메이드, 미닛메이드 오리지널 포도 350 ml ,1500,4.9,75
20260405,002788012,422,피스터블, 피스터블 밀크초콜릿 60 g ,5000,4.7,168
20260405,802403080,423,쟈뎅, 쟈뎅 청보리차(500 ml) ,1000,4.8,72
20260405,109498920,424,씨그램, 씨그램 레몬 350 ml ,1000,4.8,36
20260405,109441200,425,토레타, 토레타 500 ml ,1500,4.9,93
20260405,102495501,426,청정원, 청정원 얼큰 쌀국수 92 g ,2000,4.8,162
20260405,034345002,427,올비텐, 올비텐 유산균 30포 ,5000,,0
20260405,926940913,428,데코펜, 데코펜 핑크 ,1000,4.8,143
20260405,917054520,429,테일러팜스, 테일러팜스 말린 데이츠 50 g ,1500,4.6,181
20260405,84197382,430,메가, 메가 수퍼 피카 줌 버블껌 캔디 20 g ,500,4.4,25
20260405,107501755,431,사조, 사조 불닭 마요 참치 100 g ,2000,,0
20260405,983750005,432,마카롱, 마카롱 닮은 슈가 롤리 솜사탕 12 g ,2000,4.9,57
20260405,944992027,433,달고나, 달고나 녹차 초콜릿 25 g ,1500,,0
20260405,259014009,434,펄몰, 펄몰 레몬 맛 캔디 20 g ,2000,4.5,78
20260405,599960150,435,복음자리짜먹는사과버터잼, 복음자리짜먹는사과버터잼 ,2000,4.8,100
20260405,497330982,436,스키틀즈, 스키틀즈 오리지날 펀 사이즈 60 g ,2000,4.9,101
20260405,126800541,437,동아, 동아 고려 홍삼 캔디 90g ,1000,4.8,72
20260405,002788026,438,피스터블, 피스터블 밀크 크런치 초콜릿 60 g ,5000,4.7,111
20260405,926940040,439,안녕, 안녕 자두야 솜사탕 10 g ,1000,4.8,59
20260405,925667513,440,허쉬오리지날핫초코, 허쉬오리지날핫초코 ,5000,4.8,109
20260405,921556570,441,플레이베어(56, 플레이베어(56 g) ,1000,4.8,34
20260405,599960106,442,복음자리짜먹는블루베리잼, 복음자리짜먹는블루베리잼 ,2000,4.8,86
20260405,491843512,443,유기농, 유기농 아름다운 보성 현미 녹차 12개입 ,1000,4.8,78
20260405,443310127,444,고소한참깨봉, 고소한참깨봉 ,1500,4.7,121
20260405,112103035,445,매일유업, 매일유업 메디웰 구수한맛플러스 ,1500,4.7,46
20260405,949000069,446,피오디, 피오디 라임 200 ml ,1500,4.8,98
20260405,944502261,447,호올스, 호올스 아이스블루 캔디 2개입 ,1500,4.8,164
20260405,902596199,448,꿀, 꿀 모히또향 민트 티 1 g X 7개입 ,2000,4.5,29
20260405,643701701,449,오키오, 오키오 구미 100 g 복숭아 ,1500,4.9,50
20260405,317836740,450,롤라, 롤라 벨타 딸기 향 20 g ,500,4.7,58
20260405,106288542,451,롯데, 롯데 핵짱셔요 콜라 50 g ,1000,,0
20260405,104550997,452,오뚜기, 오뚜기 양파 절임 소스 330 g ,3000,4.8,51
20260405,921556568,453,별콘, 별콘 바나나맛 80 g ,1000,4.7,10
20260405,921556530,454,우주, 우주 별사탕 30 g ,1000,4.6,30
20260405,84197399,455,메가, 메가 줌 페인터 캔디 20 g ,500,4.4,26
20260405,497330983,456,스키틀즈, 스키틀즈 사워 펀 사이즈 60 g ,2000,4.9,76
20260405,289600483,457,꼬마, 꼬마 꾸이킹 매운맛 62g ,2000,4.7,103
20260405,274190431,458,유피, 유피 핫도그 모양 빅프랭크 28g ,500,4.8,36
20260405,109443220,459,미닛메이드, 미닛메이드 알로에 350 ml ,1500,4.9,33
20260405,106233167,460,롯데, 롯데 목캔디 허브민트 38 g ,1000,,0
20260405,112102997,461,매일유업, 매일유업 메디웰 고단백플러스 ,1500,4.7,45
20260405,109456260,462,조지아, 조지아 크래프트 콜드브루 블랙 470 ml ,2000,4.5,13
20260405,017267054,463,피스터블, 피스터블 카라멜 60 g ,5000,4.8,13
20260405,926940093,464,포파칩, 포파칩 솔트맛 ,2000,4.6,28
20260405,902596198,465,꿀, 꿀 캐모마일 티 1 g X 7개입 ,2000,4.5,32
20260405,126800550,466,동아, 동아 허브 캔디 90g ,1000,4.9,106
20260405,126800547,467,동아, 동아 크루드 캔디 90 g ,1000,4.9,138
20260405,015740110,468,벤토, 벤토 갈릭 앤 스파이시 12 g ,1000,4.7,110
20260405,939534083,469,추억의, 추억의 달고나 캔디  ,1000,4.8,51
20260405,925733228,470,담터, 담터 복숭아 허니 블랙티 13 g X 6개입 ,2000,4.8,80
20260405,104569171,471,오뚜기, 오뚜기 제주식 멜젓 소스 325 g ,5000,4.9,24
20260405,980562124,472,젤리필링, 젤리필링 머쉬멜로우 사과향 90g ,2000,4.7,29
20260405,967852191,473,트롤리, 트롤리 피자 모양 젤리 48 g ,2000,4.8,52
20260405,944992009,474,허팝, 허팝 팝핑 달고나 23 g ,1000,4.7,31
20260405,916422043,475,바나나, 바나나 모양 초콜릿 필링 머쉬멜로우 90g ,2000,4.7,69
20260405,621089812,476,까먹는, 까먹는 젤리 100 g 혼합 맛 ,2000,4.5,48
20260405,982725082,477,피니, 피니 라즈베리 앤 블랙베리 향 85 g ,1500,4.3,42
20260405,939986472,478,올비텐, 올비텐 비타팡팡 30포 ,5000,,0
20260405,909039909,479,꽃, 꽃 머랭쿠키 25 g ,2000,4.7,94
20260405,908401354,480,복숭아, 복숭아 녹차 340 ml ,1000,4.8,192
20260405,655639743,481,트롤리, 트롤리 블루 옥토퍼스 100 g ,2000,,0
20260405,002983078,482,미성, 미성 과일맛 마시멜로 110 g ,1000,,0
20260405,921440151,483,행복한, 행복한 쇼콜라띠에 딸기 맛 100 g ,2000,4.8,89
20260405,917054019,484,테일러팜스, 테일러팜스 말린블랙체리 ,2000,4.5,91
20260405,197206719,485,야미, 야미 바닐라 향 비스킷 160 g ,1000,4.7,163
20260405,121609957,486,하리보, 하리보 골든베어 사우어 80 g ,1500,4.8,118
20260405,980562395,487,위니비니, 위니비니 테디베어 초콜릿 65 g ,2000,4.8,62
20260405,168637258,488,하리보, 하리보 메가룰렛 45g ,1000,4.6,58
20260405,952708060,489,인절미, 인절미 캐러멜 50 g ,1000,4.7,208
20260405,947020003,490,청해, 청해 타코야끼맛 오징어 30g ,2000,4.6,134
20260405,643701700,491,오키오, 오키오 구미 100 g 스트로베리 ,1500,4.8,36
20260405,289600458,492,철판, 철판 꾸이킹 매운맛 22 g ,1000,4.8,93
20260405,283670430,493,롯데, 롯데 허쉬 너겟 쿠앤크 28 g ,1000,,0
20260405,926940915,494,데코펜, 데코펜 레드 20g ,1000,4.8,87
20260405,317839044,495,스위트, 스위트 케이크 모양 젤리 66 g ,2000,4.8,20
20260405,197206718,496,야미, 야미 딸기맛 비스킷 160 g ,1000,4.5,114
20260405,926940914,497,데코펜, 데코펜 옐로우 ,1000,4.9,65
20260405,926940061,498,롤케이크, 롤케이크 모양 솜사탕 25 g ,2000,4.9,28
20260405,921556533,499,그로비팝, 그로비팝 미니 캔디 40g  ,1000,4.8,80
20260405,721280072,500,폭스, 폭스 커피 월드 캔디 90 g ,1000,4.8,94
20260405,511590565,501,졸리, 졸리 초콜릿 비스킷 볼 20 g ,1000,4.2,14
20260405,126800612,502,동아, 동아 골드 카푸치노 캔디 90g ,1000,4.7,35
20260405,982725204,503,스위스미스, 스위스미스 마시멜로 핫초코 224 g ,5000,4.9,51
20260405,924797587,504,초코, 초코 틴인틴 200 g ,3000,4.8,205
